m2&#134;;;;;;;;32132;;+1245 -373 +436 -1183 +1245 -373 +436 -1183 +1245 -373 +436 -1183 +436 -1183 +436 -1183 +436 -1183 +436 -1183 +1245 -373 +436 -1183 +1245 -373 +1245 -373 +1245 -373 +436 -1183 +436 -1183 +436 -1183 +436 -1183 +436 -1183 +436 -1183 +1245 -373 +1245 -373 +1245 -19201 +1245 -373 +436 -1183 +1245 -373 +436 -1183 +1245 -373 +436 -1183 +436 -1183 +436 -1183 +436 -1183 +436 -1183 +1245 -373 +436 -1183 +1245 -373 +1245 -373 +1245 -373 +436 -1183 +436 -1183 +436 -1183 +436 -1183 +436 -1183 +436 -1183 +1245 -373 +1245 -373 +1245 -144058;;0000 0081 0000 0030 0028 000C 000E 0026 0028 000C 000E 0026 0028 000C 000E 0026 000E 0026 000E 0026 000E 0026 000E 0026 0028 000C 000E 0026 0028 000C 0028 000C 0028 000C 000E 0026 000E 0026 000E 0026 000E 0026 000E 0026 000E 0026 0028 000C 0028 000C 0028 0269 0028 000C 000E 0026 0028 000C 000E 0026 0028 000C 000E 0026 000E 0026 000E 0026 000E 0026 000E 0026 0028 000C 000E 0026 0028 000C 0028 000C 0028 000C 000E 0026 000E 0026 000E 0026 000E 0026 000E 0026 000E 0026 0028 000C 0028 000C 0028 1215;Skylight/skylight All
M3&#134;;;;;;;;32132;;+1245 -373 +436 -1183 +1245 -373 +1245 -373 +436 -1183 +436 -1183 +436 -1183 +436 -1183 +436 -1183 +436 -1183 +1245 -373 +436 -1183 +1245 -373 +1245 -373 +1245 -373 +436 -1183 +436 -1183 +436 -1183 +436 -1183 +436 -1183 +1245 -373 +1245 -373 +436 -1183 +1245 -19201 +1245 -373 +436 -1183 +1245 -373 +1245 -373 +436 -1183 +436 -1183 +436 -1183 +436 -1183 +436 -1183 +436 -1183 +1245 -373 +436 -1183 +1245 -373 +1245 -373 +1245 -373 +436 -1183 +436 -1183 +436 -1183 +436 -1183 +436 -1183 +1245 -373 +1245 -373 +436 -1183 +1245 -144027;;0000 0081 0000 0030 0028 000C 000E 0026 0028 000C 0028 000C 000E 0026 000E 0026 000E 0026 000E 0026 000E 0026 000E 0026 0028 000C 000E 0026 0028 000C 0028 000C 0028 000C 000E 0026 000E 0026 000E 0026 000E 0026 000E 0026 0028 000C 0028 000C 000E 0026 0028 0269 0028 000C 000E 0026 0028 000C 0028 000C 000E 0026 000E 0026 000E 0026 000E 0026 000E 0026 000E 0026 0028 000C 000E 0026 0028 000C 0028 000C 0028 000C 000E 0026 000E 0026 000E 0026 000E 0026 000E 0026 0028 000C 0028 000C 000E 0026 0028 1214;Skylight/skylight All
M1 - UP Auto;;;;;;;32132;;+436 -1214 +436 -1183 +1245 -373 +436 -1183 +436 -1183 +1245 -373 +436 -1183 +436 -1183 +436 -1183 +436 -1183 +1245 -373 +436 -1183 +1245 -373 +1245 -373 +1245 -373 +436 -1183 +436 -1183 +436 -1183 +436 -1183 +436 -1183 +1245 -373 +436 -1183 +436 -1183 +436 -20042 +436 -1183 +436 -1183 +1245 -373 +436 -1183 +436 -1183 +1245 -373 +436 -1183 +436 -1183 +436 -1183 +436 -1183 +1245 -373 +436 -1183 +1245 -373 +1245 -373 +1245 -373 +436 -1183 +436 -1183 +436 -1183 +436 -1183 +436 -1183 +1245 -373 +436 -1183 +436 -1183 +436 -144774;;0000 0081 0000 0030 000E 0027 000E 0026 0028 000C 000E 0026 000E 0026 0028 000C 000E 0026 000E 0026 000E 0026 000E 0026 0028 000C 000E 0026 0028 000C 0028 000C 0028 000C 000E 0026 000E 0026 000E 0026 000E 0026 000E 0026 0028 000C 000E 0026 000E 0026 000E 0284 000E 0026 000E 0026 0028 000C 000E 0026 000E 0026 0028 000C 000E 0026 000E 0026 000E 0026 000E 0026 0028 000C 000E 0026 0028 000C 0028 000C 0028 000C 000E 0026 000E 0026 000E 0026 000E 0026 000E 0026 0028 000C 000E 0026 000E 0026 000E 122C;Skylight/skylight All
M2 Down Manual;;;;;;;32132;;+1245 -373 +436 -1183 +436 -1183 +436 -1183 +1245 -373 +436 -1183 +436 -1183 +436 -1183 +436 -1183 +436 -1183 +1245 -373 +436 -1183 +1245 -373 +1245 -373 +1245 -373 +436 -1183 +436 -1183 +436 -1183 +436 -1183 +436 -1183 +1245 -373 +1245 -373 +436 -1183 +436 -20011 +1245 -373 +436 -1183 +436 -1183 +436 -1183 +1245 -373 +436 -1183 +436 -1183 +436 -1183 +436 -1183 +436 -1183 +1245 -373 +436 -1183 +1245 -373 +1245 -373 +1245 -373 +436 -1183 +436 -1183 +436 -1183 +436 -1183 +436 -1183 +1245 -373 +1245 -373 +436 -1183 +436 -144805;;0000 0081 0000 0030 0028 000C 000E 0026 000E 0026 000E 0026 0028 000C 000E 0026 000E 0026 000E 0026 000E 0026 000E 0026 0028 000C 000E 0026 0028 000C 0028 000C 0028 000C 000E 0026 000E 0026 000E 0026 000E 0026 000E 0026 0028 000C 0028 000C 000E 0026 000E 0283 0028 000C 000E 0026 000E 0026 000E 0026 0028 000C 000E 0026 000E 0026 000E 0026 000E 0026 000E 0026 0028 000C 000E 0026 0028 000C 0028 000C 0028 000C 000E 0026 000E 0026 000E 0026 000E 0026 000E 0026 0028 000C 0028 000C 000E 0026 000E 122D;Skylight/skylight All
M3 Down Auto;;;;;;;32132;;+436 -1214 +1245 -373 +1245 -373 +1245 -373 +436 -1183 +436 -1183 +436 -1183 +436 -1183 +436 -1183 +436 -1183 +1245 -373 +436 -1183 +1245 -373 +1245 -373 +1245 -373 +436 -1183 +436 -1183 +436 -1183 +436 -1183 +436 -1183 +436 -1183 +436 -1183 +1245 -373 +436 -20042 +436 -1183 +1245 -373 +1245 -373 +1245 -373 +436 -1183 +436 -1183 +436 -1183 +436 -1183 +436 -1183 +436 -1183 +1245 -373 +436 -1183 +1245 -373 +1245 -373 +1245 -373 +436 -1183 +436 -1183 +436 -1183 +436 -1183 +436 -1183 +436 -1183 +436 -1183 +1245 -373 +436 -144836;;0000 0081 0000 0030 000E 0027 0028 000C 0028 000C 0028 000C 000E 0026 000E 0026 000E 0026 000E 0026 000E 0026 000E 0026 0028 000C 000E 0026 0028 000C 0028 000C 0028 000C 000E 0026 000E 0026 000E 0026 000E 0026 000E 0026 000E 0026 000E 0026 0028 000C 000E 0284 000E 0026 0028 000C 0028 000C 0028 000C 000E 0026 000E 0026 000E 0026 000E 0026 000E 0026 000E 0026 0028 000C 000E 0026 0028 000C 0028 000C 0028 000C 000E 0026 000E 0026 000E 0026 000E 0026 000E 0026 000E 0026 000E 0026 0028 000C 000E 122E;Skylight/skylight All
M3 Down Manual;;;;;;;32132;;+1245 -373 +436 -1183 +436 -1183 +1245 -373 +436 -1183 +436 -1183 +436 -1183 +436 -1183 +436 -1183 +436 -1183 +1245 -373 +436 -1183 +1245 -373 +1245 -373 +1245 -373 +436 -1183 +436 -1183 +436 -1183 +436 -1183 +436 -1183 +436 -1183 +1245 -373 +1245 -373 +436 -20042 +1245 -373 +436 -1183 +436 -1183 +1245 -373 +436 -1183 +436 -1183 +436 -1183 +436 -1183 +436 -1183 +436 -1183 +1245 -373 +436 -1183 +1245 -373 +1245 -373 +1245 -373 +436 -1183 +436 -1183 +436 -1183 +436 -1183 +436 -1183 +436 -1183 +1245 -373 +1245 -373 +436 -144805;;0000 0081 0000 0030 0028 000C 000E 0026 000E 0026 0028 000C 000E 0026 000E 0026 000E 0026 000E 0026 000E 0026 000E 0026 0028 000C 000E 0026 0028 000C 0028 000C 0028 000C 000E 0026 000E 0026 000E 0026 000E 0026 000E 0026 000E 0026 0028 000C 0028 000C 000E 0284 0028 000C 000E 0026 000E 0026 0028 000C 000E 0026 000E 0026 000E 0026 000E 0026 000E 0026 000E 0026 0028 000C 000E 0026 0028 000C 0028 000C 0028 000C 000E 0026 000E 0026 000E 0026 000E 0026 000E 0026 000E 0026 0028 000C 0028 000C 000E 122D;Skylight/skylight All
M2 - Down Auto;;;;;;;32132;;+436 -1214 +1245 -373 +1245 -373 +436 -1183 +1245 -373 +436 -1183 +436 -1183 +436 -1183 +436 -1183 +436 -1183 +1245 -373 +436 -1183 +1245 -373 +1245 -373 +1245 -373 +436 -1183 +436 -1183 +436 -1183 +436 -1183 +436 -1183 +1245 -373 +436 -1183 +436 -1183 +436 -20011 +436 -1183 +1245 -373 +1245 -373 +436 -1183 +1245 -373 +436 -1183 +436 -1183 +436 -1183 +436 -1183 +436 -1183 +1245 -373 +436 -1183 +1245 -373 +1245 -373 +1245 -373 +436 -1183 +436 -1183 +436 -1183 +436 -1183 +436 -1183 +1245 -373 +436 -1183 +436 -1183 +436 -144805;;0000 0081 0000 0030 000E 0027 0028 000C 0028 000C 000E 0026 0028 000C 000E 0026 000E 0026 000E 0026 000E 0026 000E 0026 0028 000C 000E 0026 0028 000C 0028 000C 0028 000C 000E 0026 000E 0026 000E 0026 000E 0026 000E 0026 0028 000C 000E 0026 000E 0026 000E 0283 000E 0026 0028 000C 0028 000C 000E 0026 0028 000C 000E 0026 000E 0026 000E 0026 000E 0026 000E 0026 0028 000C 000E 0026 0028 000C 0028 000C 0028 000C 000E 0026 000E 0026 000E 0026 000E 0026 000E 0026 0028 000C 000E 0026 000E 0026 000E 122D;Skylight/skylight All
M1 - Down Auto;;;;;;;32132;;+436 -1214 +1245 -373 +1245 -373 +436 -1183 +436 -1183 +1245 -373 +436 -1183 +436 -1183 +436 -1183 +436 -1183 +1245 -373 +436 -1183 +1245 -373 +1245 -373 +1245 -373 +436 -1183 +436 -1183 +436 -1183 +436 -1183 +436 -1183 +1245 -373 +1245 -373 +436 -1183 +1245 -19233 +436 -1183 +1245 -373 +1245 -373 +436 -1183 +436 -1183 +1245 -373 +436 -1183 +436 -1183 +436 -1183 +436 -1183 +1245 -373 +436 -1183 +1245 -373 +1245 -373 +1245 -373 +436 -1183 +436 -1183 +436 -1183 +436 -1183 +436 -1183 +1245 -373 +1245 -373 +436 -1183 +1245 -144027;;0000 0081 0000 0030 000E 0027 0028 000C 0028 000C 000E 0026 000E 0026 0028 000C 000E 0026 000E 0026 000E 0026 000E 0026 0028 000C 000E 0026 0028 000C 0028 000C 0028 000C 000E 0026 000E 0026 000E 0026 000E 0026 000E 0026 0028 000C 0028 000C 000E 0026 0028 026A 000E 0026 0028 000C 0028 000C 000E 0026 000E 0026 0028 000C 000E 0026 000E 0026 000E 0026 000E 0026 0028 000C 000E 0026 0028 000C 0028 000C 0028 000C 000E 0026 000E 0026 000E 0026 000E 0026 000E 0026 0028 000C 0028 000C 000E 0026 0028 1214;Skylight/skylight All
M1 Up Manual;;;;;;;32132;;+436 -1214 +1245 -373 +436 -1183 +436 -1183 +436 -1183 +1245 -373 +436 -1183 +436 -1183 +436 -1183 +436 -1183 +1245 -373 +436 -1183 +1245 -373 +1245 -373 +1245 -373 +436 -1183 +436 -1183 +436 -1183 +436 -1183 +436 -1183 +436 -1183 +1245 -373 +1245 -373 +436 -20042 +436 -1183 +1245 -373 +436 -1183 +436 -1183 +436 -1183 +1245 -373 +436 -1183 +436 -1183 +436 -1183 +436 -1183 +1245 -373 +436 -1183 +1245 -373 +1245 -373 +1245 -373 +436 -1183 +436 -1183 +436 -1183 +436 -1183 +436 -1183 +436 -1183 +1245 -373 +1245 -373 +436 -144805;;0000 0081 0000 0030 000E 0027 0028 000C 000E 0026 000E 0026 000E 0026 0028 000C 000E 0026 000E 0026 000E 0026 000E 0026 0028 000C 000E 0026 0028 000C 0028 000C 0028 000C 000E 0026 000E 0026 000E 0026 000E 0026 000E 0026 000E 0026 0028 000C 0028 000C 000E 0284 000E 0026 0028 000C 000E 0026 000E 0026 000E 0026 0028 000C 000E 0026 000E 0026 000E 0026 000E 0026 0028 000C 000E 0026 0028 000C 0028 000C 0028 000C 000E 0026 000E 0026 000E 0026 000E 0026 000E 0026 000E 0026 0028 000C 0028 000C 000E 122D;Skylight/skylight All
m1&#134;;;;;;;;32132;;+1245 -373 +436 -1183 +1245 -373 +436 -1183 +436 -1183 +1245 -373 +436 -1183 +436 -1183 +436 -1183 +436 -1183 +1245 -373 +436 -1183 +1245 -373 +1245 -373 +1245 -373 +436 -1183 +436 -1183 +436 -1183 +436 -1183 +436 -1183 +436 -1183 +436 -1183 +1245 -373 +436 -20042 +1245 -373 +436 -1183 +1245 -373 +436 -1183 +436 -1183 +1245 -373 +436 -1183 +436 -1183 +436 -1183 +436 -1183 +1245 -373 +436 -1183 +1245 -373 +1245 -373 +1245 -373 +436 -1183 +436 -1183 +436 -1183 +436 -1183 +436 -1183 +436 -1183 +436 -1183 +1245 -373 +436 -144836;;0000 0081 0000 0030 0028 000C 000E 0026 0028 000C 000E 0026 000E 0026 0028 000C 000E 0026 000E 0026 000E 0026 000E 0026 0028 000C 000E 0026 0028 000C 0028 000C 0028 000C 000E 0026 000E 0026 000E 0026 000E 0026 000E 0026 000E 0026 000E 0026 0028 000C 000E 0284 0028 000C 000E 0026 0028 000C 000E 0026 000E 0026 0028 000C 000E 0026 000E 0026 000E 0026 000E 0026 0028 000C 000E 0026 0028 000C 0028 000C 0028 000C 000E 0026 000E 0026 000E 0026 000E 0026 000E 0026 000E 0026 000E 0026 0028 000C 000E 122E;Skylight/skylight All
M3 Up Auto;;;;;;;32132;;+436 -1214 +436 -1183 +1245 -373 +1245 -373 +436 -1183 +436 -1183 +436 -1183 +436 -1183 +436 -1183 +436 -1183 +1245 -373 +436 -1183 +1245 -373 +1245 -373 +1245 -373 +436 -1183 +436 -1183 +436 -1183 +436 -1183 +436 -1183 +436 -1183 +1245 -373 +1245 -373 +1245 -19233 +436 -1183 +436 -1183 +1245 -373 +1245 -373 +436 -1183 +436 -1183 +436 -1183 +436 -1183 +436 -1183 +436 -1183 +1245 -373 +436 -1183 +1245 -373 +1245 -373 +1245 -373 +436 -1183 +436 -1183 +436 -1183 +436 -1183 +436 -1183 +436 -1183 +1245 -373 +1245 -373 +1245 -143996;;0000 0081 0000 0030 000E 0027 000E 0026 0028 000C 0028 000C 000E 0026 000E 0026 000E 0026 000E 0026 000E 0026 000E 0026 0028 000C 000E 0026 0028 000C 0028 000C 0028 000C 000E 0026 000E 0026 000E 0026 000E 0026 000E 0026 000E 0026 0028 000C 0028 000C 0028 026A 000E 0026 000E 0026 0028 000C 0028 000C 000E 0026 000E 0026 000E 0026 000E 0026 000E 0026 000E 0026 0028 000C 000E 0026 0028 000C 0028 000C 0028 000C 000E 0026 000E 0026 000E 0026 000E 0026 000E 0026 000E 0026 0028 000C 0028 000C 0028 1213;Skylight/skylight All
M3 Up Manual;;;;;;;32132;;+436 -1214 +1245 -373 +436 -1183 +1245 -373 +436 -1183 +436 -1183 +436 -1183 +436 -1183 +436 -1183 +436 -1183 +1245 -373 +436 -1183 +1245 -373 +1245 -373 +1245 -373 +436 -1183 +436 -1183 +436 -1183 +436 -1183 +436 -1183 +1245 -373 +436 -1183 +436 -1183 +1245 -19233 +436 -1183 +1245 -373 +436 -1183 +1245 -373 +436 -1183 +436 -1183 +436 -1183 +436 -1183 +436 -1183 +436 -1183 +1245 -373 +436 -1183 +1245 -373 +1245 -373 +1245 -373 +436 -1183 +436 -1183 +436 -1183 +436 -1183 +436 -1183 +1245 -373 +436 -1183 +436 -1183 +1245 -143996;;0000 0081 0000 0030 000E 0027 0028 000C 000E 0026 0028 000C 000E 0026 000E 0026 000E 0026 000E 0026 000E 0026 000E 0026 0028 000C 000E 0026 0028 000C 0028 000C 0028 000C 000E 0026 000E 0026 000E 0026 000E 0026 000E 0026 0028 000C 000E 0026 000E 0026 0028 026A 000E 0026 0028 000C 000E 0026 0028 000C 000E 0026 000E 0026 000E 0026 000E 0026 000E 0026 000E 0026 0028 000C 000E 0026 0028 000C 0028 000C 0028 000C 000E 0026 000E 0026 000E 0026 000E 0026 000E 0026 0028 000C 000E 0026 000E 0026 0028 1213;Skylight/skylight All
M2 Up Auto;;;;;;;32132;;+436 -1214 +436 -1183 +1245 -373 +436 -1183 +1245 -373 +436 -1183 +436 -1183 +436 -1183 +436 -1183 +436 -1183 +1245 -373 +436 -1183 +1245 -373 +1245 -373 +1245 -373 +436 -1183 +436 -1183 +436 -1183 +436 -1183 +436 -1183 +1245 -373 +1245 -373 +436 -1183 +1245 -19233 +436 -1183 +436 -1183 +1245 -373 +436 -1183 +1245 -373 +436 -1183 +436 -1183 +436 -1183 +436 -1183 +436 -1183 +1245 -373 +436 -1183 +1245 -373 +1245 -373 +1245 -373 +436 -1183 +436 -1183 +436 -1183 +436 -1183 +436 -1183 +1245 -373 +1245 -373 +436 -1183 +1245 -143996;;0000 0081 0000 0030 000E 0027 000E 0026 0028 000C 000E 0026 0028 000C 000E 0026 000E 0026 000E 0026 000E 0026 000E 0026 0028 000C 000E 0026 0028 000C 0028 000C 0028 000C 000E 0026 000E 0026 000E 0026 000E 0026 000E 0026 0028 000C 0028 000C 000E 0026 0028 026A 000E 0026 000E 0026 0028 000C 000E 0026 0028 000C 000E 0026 000E 0026 000E 0026 000E 0026 000E 0026 0028 000C 000E 0026 0028 000C 0028 000C 0028 000C 000E 0026 000E 0026 000E 0026 000E 0026 000E 0026 0028 000C 0028 000C 000E 0026 0028 1213;Skylight/skylight All
M1 Down Manual;;;;;;;32132;;+1245 -373 +436 -1183 +436 -1183 +436 -1183 +436 -1183 +1245 -373 +436 -1183 +436 -1183 +436 -1183 +436 -1183 +1245 -373 +436 -1183 +1245 -373 +1245 -373 +1245 -373 +436 -1183 +436 -1183 +436 -1183 +436 -1183 +436 -1183 +1245 -373 +436 -1183 +436 -1183 +1245 -19233 +1245 -373 +436 -1183 +436 -1183 +436 -1183 +436 -1183 +1245 -373 +436 -1183 +436 -1183 +436 -1183 +436 -1183 +1245 -373 +436 -1183 +1245 -373 +1245 -373 +1245 -373 +436 -1183 +436 -1183 +436 -1183 +436 -1183 +436 -1183 +1245 -373 +436 -1183 +436 -1183 +1245 -144027;;0000 0081 0000 0030 0028 000C 000E 0026 000E 0026 000E 0026 000E 0026 0028 000C 000E 0026 000E 0026 000E 0026 000E 0026 0028 000C 000E 0026 0028 000C 0028 000C 0028 000C 000E 0026 000E 0026 000E 0026 000E 0026 000E 0026 0028 000C 000E 0026 000E 0026 0028 026A 0028 000C 000E 0026 000E 0026 000E 0026 000E 0026 0028 000C 000E 0026 000E 0026 000E 0026 000E 0026 0028 000C 000E 0026 0028 000C 0028 000C 0028 000C 000E 0026 000E 0026 000E 0026 000E 0026 000E 0026 0028 000C 000E 0026 000E 0026 0028 1214;Skylight/skylight All
M2 up Manual;;;;;;;32132;;+436 -1214 +1245 -373 +436 -1183 +436 -1183 +1245 -373 +436 -1183 +436 -1183 +436 -1183 +436 -1183 +436 -1183 +1245 -373 +436 -1183 +1245 -373 +1245 -373 +1245 -373 +436 -1183 +436 -1183 +436 -1183 +436 -1183 +436 -1183 +436 -1183 +436 -1183 +1245 -373 +1245 -19233 +436 -1183 +1245 -373 +436 -1183 +436 -1183 +1245 -373 +436 -1183 +436 -1183 +436 -1183 +436 -1183 +436 -1183 +1245 -373 +436 -1183 +1245 -373 +1245 -373 +1245 -373 +436 -1183 +436 -1183 +436 -1183 +436 -1183 +436 -1183 +436 -1183 +436 -1183 +1245 -373 +1245 -143996;;0000 0081 0000 0030 000E 0027 0028 000C 000E 0026 000E 0026 0028 000C 000E 0026 000E 0026 000E 0026 000E 0026 000E 0026 0028 000C 000E 0026 0028 000C 0028 000C 0028 000C 000E 0026 000E 0026 000E 0026 000E 0026 000E 0026 000E 0026 000E 0026 0028 000C 0028 026A 000E 0026 0028 000C 000E 0026 000E 0026 0028 000C 000E 0026 000E 0026 000E 0026 000E 0026 000E 0026 0028 000C 000E 0026 0028 000C 0028 000C 0028 000C 000E 0026 000E 0026 000E 0026 000E 0026 000E 0026 000E 0026 000E 0026 0028 000C 0028 1213;Skylight/skylight All
